{
    "best_epoch": 7,
    "elapsed_time_sec": 3361.433571577072,
    "elapsed_time_str": "00:56:01",
    "test_metrics": {
        "loss": 3.0859358310699463,
        "dice": 0.3449784219264984,
        "iou": 0.2111181914806366,
        "acc": 0.9707094430923462,
        "precision": 0.3642549216747284,
        "recall": 0.3342968821525574,
        "f1": 0.3486334979534149
    }
}